,name,address,sido,gigun
0,흥덕지구점,"경기도 용인시 기흥구  흥덕1로 79번길 9, 105호",경기도,용인시
1,후곡점,경기도 고양시 일산서구  일산로 576,경기도,고양시
2,효자중화산1호점,전라북도 전주시완산구  안행로 154,전라북도,전주시완산구
3,회덕점,경기도 광주시  이배재로 108,경기도,광주시
4,황상인의점,경상북도 구미시  여현로 80,경상북도,구미시
5,화천점,강원도 화천군 화천읍 중앙로 37번지,강원도,화천군
6,화정1동점,경기도 고양시 덕양구  은빛로29번길 15-4,경기도,고양시
7,화양점,"서울특별시 광진구   능동로19길 53, 1층",서울특별시,광진구
8,화성반월점,"경기도 화성시  효행로1265번길 17, 101호",경기도,화성시
9,화성마도점,경기도 화성시 마도면 두곡서길 35 1층,경기도,화성시
10,화성남양점,경기도 화성시 남양동 남양도시개발구역 2-1블럭 화성남양상가 103,경기도,화성시
11,화서1동점,경기도 수원시 팔달구 화서동 219-1번지 101호,경기도,수원시
12,화북삼양점,제주도 제주시  진동로1길 13,제주도,제주시
13,화곡본동점,서울특별시 강서구 화곡동 29-27,서울특별시,강서구
14,화곡4동점,서울특별시 강서구 화곡4동 827-8번지,서울특별시,강서구
15,홍천점,강원도 홍천군 홍천읍 연봉리 502-5번지,강원도,홍천군
16,홍제2호점,"서울특별시 서대문구  문화촌길 34, 아동 지층 1호",서울특별시,서대문구
17,홍제1호점,서울특별시 서대문구 홍제동 155-6번지,서울특별시,서대문구
18,홍은2동점,"서울특별시 서대문구  백련사길 6, 1층",서울특별시,서대문구
19,홍성읍점,충청남도 홍성군 홍성읍 문화로 33번길 10,충청남도,홍성군
20,홍농읍점,"전라남도 영광군 홍농읍 상하길 33, 102호",전라남도,영광군
21,호평점,경기도 남양주시 호평동 615-6,경기도,남양주시
22,호원1호점,"경기도 의정부시 호원동 419 상가동 1층 104,105호(현대아파트)",경기도,의정부시
23,호수동점,"경기도 안산시 단원구  광덕2로 194-8,108호",경기도,안산시
24,호매실점,"경기도 수원시 권선구  서수원로523번길 30-35, 101호",경기도,수원시
25,호계점,"경기도  안양시 동안구  엘에스로 45, 1층 117호(호계동, 대영골든타워)",경기도,안양시
26,현풍점,대구광역시 달성군 현풍면 현풍중앙로14길 85,대구광역시,달성군
27,헬리오시티점,"서울특별시 송파구  송파대로37길 88, 2층(석촌동)",서울특별시,송파구
28,향남지구점,경기도 화성시 향납읍 행정서로3길 4-16,경기도,화성시
29,향남2지구점,경기도 화성시 향남읍 상신하길로298번길 7-27(1층 111호),경기도,화성시
30,행신2호점,"경기도 고양시 덕양구  중앙로 478, 109호",경기도,고양시
31,행당점,서울특별시 성동구  행당로 79,서울특별시,성동구
32,해운대중동점,"부산광역시 해운대구  달맞이길65번길 15, 103호",부산광역시,해운대구
33,해남점,전라남도 해남군 해남읍 법원길4,전라남도,해남군
34,함열점,전라북도 익산시 함열읍 함열1길 28,전라북도,익산시
35,함안칠원점,경상남도 함안군 칠원읍 구성길 43,경상남도,함안군
36,함안가야점,경상남도 함안군 가야읍 가야로 135,경상남도,함안군
37,한성대점,서울특별시 성북구  삼선교로2길 3,서울특별시,성북구
38,한남대점,대전광역시 동구  홍도로 54,대전광역시,동구
39,학익점,"인천광역시 미추홀구 소성로 168, 1층",인천광역시,미추홀구
40,하월곡점,서울특별시 성북구 오패산로3길 122,서울특별시,성북구
41,"하안3,4동점",경기도 광명시  하안로 254,경기도,광명시
42,하복대점,충청북도 청주시 흥덕구  죽천로 120,충청북도,청주시
43,하당지구점,전라남도 목포시  옥암로96번길 14,전라남도,목포시
44,하늘도시1호점,"인천광역시 중구  하늘달빛로 64번길 6-3, 스카이프자라 105호",인천광역시,중구
45,하남신장점,경기도 하남시 신장동 427-134번지,경기도,하남시
46,풍향산수점,광주광역시 북구 풍향동 579-5번지,광주광역시,북구
47,풍덕천2동점,경기도 용인시 수지구 풍덕천2동 504-10번지 104호,경기도,용인시
48,풍납1호점,서울특별시 송파구  풍성로24길 40,서울특별시,송파구
49,풍기점,경상북도 영주시 풍기읍 기주로 89,경상북도,영주시
50,표선점,제주도 서귀포시 표선면 표선중앙로 106,제주도,서귀포시
51,포항흥해점,경상북도 포항시 북구 흥해읍 한동로 40번길 20,경상북도,포항시
52,포항효곡점,경상북도 포항시 남구  효자동길10번길 27,경상북도,포항시
53,포항죽도점,"경상북도 포항시 북구 죽파로 24, 1층 101호",경상북도,포항시
54,포항오천점,경상북도  포항시 남구 오천읍 냉천로340번길 16,경상북도,포항시
55,포항양포점,경상북도 포항시 남구  동해안로3268,경상북도,포항시
56,포항양덕점,경상북도 포항시 북구 양덕동 1779번지,경상북도,포항시
57,포항두호우현점,"경상북도 포항시 북구  새천년대로 1020길 12, 213동 106호",경상북도,포항시
58,포항동해점,경상북도 포항시 남구  일월로 100,경상북도,포항시
59,포항대이양학점,"경상북도 포항시 북구  이동로 48-1, 205호",경상북도,포항시
60,포천점,경기도 포천시  원앙로 18-2,경기도,포천시
61,포천일동점,경기도 포천시 일동면 기산6리 91-36,경기도,포천시
62,포천운천점,경기도 포천시 영북면 운천로 6-1,경기도,포천시
63,평택포승점,경기도 평택시 포승읍 도곡리 1141-17,경기도,평택시
64,평택팽성점,"경기도 평택시 팽성읍 송화택지로 72, A 1층",경기도,평택시
65,평택안중점,경기도 평택시 안중읍 안현로서7길 10,경기도,평택시
66,평택고덕점,"경기도 평택시 고덕면 효덕새싹길 24-3, 101호",경기도,평택시
67,평촌스마트점,경기도 안양시 동안구  시민대로327번길 7,경기도,안양시
68,평내점,경기도 남양주시  경춘로1286번안길 4-2,경기도,남양주시
69,파주교하점,경기도 파주시  책향기로 369,경기도,파주시
70,퇴계원점,"경기도 남양주시 퇴계원면 퇴계원로 74, 2층 우측호",경기도,남양주시
71,통진점,경기도 김포시 통진읍 서암리 1113 서암주공아파트 제상가동 101호,경기도,김포시
72,통영죽림점,경상남도 통영시 광도면 죽림3로 43-16,경상남도,통영시
73,통영도남미수점,경상남도 통영시  도남로 81,경상남도,통영시
74,"태평2,4동점","경기도 성남시 수정구  탄리로 96번길 20, 102호",경기도,성남시
75,태장우산점,"강원도 원주시 북원로2718번길 2, 1층(태장동)",강원도,원주시
76,태백점,강원도 태백시  상장남길 67,강원도,태백시
77,탄현점,경기도 고양시 일산구 현중로 26번길 81,경기도,고양시
78,킨텍스점,"경기도 고양시 일산서구 킨텍스로 240, 판매시설동 172호, 13호(대화동, 킨텍스 꿈에그린)",경기도,고양시
79,칠금문화점,충청북도 충주시  칠금3길 16-1,충청북도,충주시
80,칠곡왜관점,경상북도 칠곡군 왜관읍 2번도로길 64,경상북도,칠곡군
81,충효탑정점,경상북도 경주시  충효녹지길 6-17,경상북도,경주시
82,충주호암용산점,충청북도 충주시 호암동 133-10번지 102호,충청북도,충주시
83,충북증평읍점,충청북도 증평군 증평읍 초중로 45,충청북도,증평군
84,충북제천1호점,충청북도 제천시  의림대로 190,충청북도,제천시
85,충북옥천점,충청북도 옥천군 옥천읍 금장로 62,충청북도,옥천군
86,충북옥산점,충청북도 청주시 흥덕구 옥산면 가락길32,충청북도,청주시
87,충북오창점,충청북도 청원군 오창읍 구룡리 408-6번지,충청북도,청원군
88,충북괴산점,충청북도 괴산군 괴산읍 읍내로13길 21,충청북도,괴산군
89,충무로점,서울특별시 중구 충무로4가 120-3 진양상가 2층,서울특별시,중구
90,충무공점,경상남도 진주시 충무공동 282-6 가온누리 빌딩 107호,경상남도,진주시
91,충남합덕점,충청남도 당진시 합덕읍 미락4길 33,충청남도,당진시
92,충남태안점,충청남도 태안군 태안읍 동문리 터널길 25,충청남도,태안군
93,충남당진점,충청남도 당진시  읍내동 1096,충청남도,당진시
94,충남논산점,충청남도 논산시  내동 1169번지 101호,충청남도,논산시
95,춘천후평점,"강원도 춘천시  부평길 8, 1층 우측",강원도,춘천시
96,춘천효자점,강원도 춘천시 효자동 665-1,강원도,춘천시
97,춘천소양점,강원도 춘천시 소양로2가 1-63번지,강원도,춘천시
98,춘천석사점,강원도 춘천시 석사동 642번지,강원도,춘천시
99,초월점,"경기도 광주시 초월읍 경충대로1127번길 55, E편한세상 B-106호",경기도,광주시
100,청파점,서울특별시 용산구  청파로 333,서울특별시,용산구
101,청주용암점,충청북도 청주시 상당구 용암동 2183번지,충청북도,청주시
102,청주분평점,충청북도 청주시 서원구  수영로 19-2,충청북도,청주시
103,청주봉명점,충청북도 청주시 흥덕구  과상미로 62,충청북도,청주시
104,청주동남지구점,"충청북도 청주시 상당구  중고개로 104,  상가2동 103호(용암동, 칸타빌 더 테라스 2단지)",충청북도,청주시
105,청주금천점,충청북도 청주시 상당구  중고개로 273번길 64,충청북도,청주시
106,청주강서지구점,충청북도 청주시 흥덕구  서현북로 24,충청북도,청주시
107,청주가경,"충청북도 청주시 흥덕구  경산로28,1층",충청북도,청주시
108,청북점,경기도 평택시 청북읍 옥길리 1165-5,경기도,평택시
109,청룡점,"서울특별시 관악구  쑥고개로 89, 1층",서울특별시,관악구
110,청라2호점,인천광역시 서구 경서동 981-93 1층 101호,인천광역시,서구
111,청라1호점,"인천광역시 서구 청라라임로100, 104",인천광역시,서구
112,청담점,서울특별시 강남구 청담동 35-1 1층,서울특별시,강남구
113,첨단2호점,"광주광역시 북구  첨단연신로91번길 44, 대성빌딩 112호",광주광역시,북구
114,"철산3,4동점",경기도 광명시  도덕공원로 23,경기도,광명시
115,천호3동점,"서울특별시 강동구  구천면로 238, 103호",서울특별시,강동구
116,천호1동점,서울특별시 강동구 천호1동 224-50번지,서울특별시,강동구
117,천안청수점,충청남도 천안시 동남구 청수6로105 (청수동),충청남도,천안시
118,천안차암점,충청남도 천안시 서북구 차암동 435-1힐링제이타워 1층 115호,충청남도,천안시
119,천안직산점,"충청남도 천안시 서북구 직산읍 삼은3길 38, 102호",충청남도,천안시
120,천안용곡점,충청남도 천안시 동남구  새말1길 47,충청남도,천안시
121,천안쌍용점,충청남도 천안시 서북구 쌍용2동 725번지,충청남도,천안시
122,천안신부점,충청남도 천안시 동남구 신부동 319-37,충청남도,천안시
123,천안성환점,충청남도 천안시 서북구  성환3로 38 1층,충청남도,천안시
124,천안성정점,충청남도  천안시 서북구  성정로 47-1,충청남도,천안시
125,천안성성점,충청남도 천안시 서북구  성성2길 54-1,충청남도,천안시
126,천안백석점,"충청남도  천안시 서북구   백석4길 31, 108호",충청남도,천안시
127,천안두정점,충청남도 천안시 서북구 두정고3길 8  (두정동),충청남도,천안시
128,창원팔용점,경상남도 창원시 의창구 팔용동 183-9번지,경상남도,창원시
129,창원중앙점,경상남도 창원시 성산구 중앙동 78-2,경상남도,창원시
130,창원소답점,경상남도 창원시 의창구 소답동 118-4번지 칠성빌라 나동 1호,경상남도,창원시
131,창원봉곡사림점,경상남도 창원시 의창구  사림로 53,경상남도,창원시
132,창원반송점,경상남도 창원시 성산구  원이대로393번길 17,경상남도,창원시
133,창원명서도계점,경상남도 창원시 의창구  도계동396-7 1층,경상남도,창원시
134,창원동읍점,경상남도 창원시 의창구 동읍 용정길32번길 16,경상남도,창원시
135,창원대방점,"경상남도 창원시 성산구 창이대로901번길 30, 120호(대방동, 대방그린빌아파트)",경상남도,창원시
136,창원감계점,"경상남도 창원시 의창구 북면 감계로 266, 204호",경상남도,창원시
137,창녕읍점,경상남도 창녕군 창녕읍  명덕로 6-1,경상남도,창녕군
138,창4동점,"서울특별시 도봉구  노해로70길 46,102호",서울특별시,도봉구
139,창2동점,"서울특별시 도봉구  도봉로 110다길 51,  태영 창동데시앙 아파트상가 109호",서울특별시,도봉구
140,진해웅천점,경상남도 진해시 성내동 359-1번지,경상남도,진해시
141,진해용원웅동점,경상남도 진해시 안골동 376-3,경상남도,진해시
142,진해석동풍호점,"경상남도 창원시 진해구  냉천로 88, 103호",경상남도,창원시
143,진해경화태백점,경상남도 창원시 진해구  중초로 37,경상남도,창원시
144,진천읍점,충청북도 진천군 진천읍 중앙동로 132,충청북도,진천군
145,진주하대초장점,경상남도 진주시  하대로 116,경상남도,진주시
146,진주칠암망경점,경상남도 진주시  진주대로 849-10,경상남도,진주시
147,진주신안평거점,경상남도 진주시 신평공원길 25번길 12-13,경상남도,진주시
148,진주상봉봉안점,경상남도 진주시  진주성로 103,경상남도,진주시
149,진주상대점,경상남도 진주시 상대동 310-78번지,경상남도,진주시
150,진주금산점,경상남도 진주시 금산면 중천로 74,경상남도,진주시
151,진주가호점,경상남도 진주시  진주대로 568번길 8,경상남도,진주시
152,진접지구점,경기도 남양주시 진접읍 해밀예당2로 117,경기도,남양주시
153,진안점,"경기도  화성시  병점동로 126, 1층 101,102호",경기도,화성시
154,진부점,강원도 평창군 진부면 진부중앙로 53,강원도,평창군
155,진도점,전라남도 진도군 진도읍 쌍정리 257-20,전라남도,진도군
156,지행1호점,경기도 동두천시 지행동 688번지,경기도,동두천시
157,지세포점,경상남도 거제시 일운면 거제대로 2471,경상남도,거제시
158,지산신장점,경기도 평택시  송탄공원로73 (지산동),경기도,평택시
159,중화1호점,서울특별시 중랑구 중화1동 295-22,서울특별시,중랑구
160,중촌목동점,대전광역시 중구  중촌로24번길 23. 1층,대전광역시,중구
161,중앙반월점,"경상남도 창원시 마산합포   3.15대로 77, 105호",경상남도,창원시
162,중앙경찰학교점,충청북도 충주시 수안보면 수회리로 138,충청북도,충주시
163,중산점,경기도 고양시 일산동구  탄중로 431번길 32 031-975-9291,경기도,고양시
164,중동2호점,경기도 부천시 원미구 중동 1058-1,경기도,부천시
165,중곡4동점,서울특별시 광진구 중곡동 79-16번지,서울특별시,광진구
166,중곡1동점,서울특별시 광진구  능동로 339,서울특별시,광진구
167,중계1동점,"서울특별시 노원구  덕릉로 591,  1층 102호(중계동, 금화빌딩)",서울특별시,노원구
168,죽전단국대점,"경기도 용인시 수지구  죽전로 164, 1층 102호(죽전동, 화이트존)",경기도,용인시
169,주엽2동점,"경기도 고양시 일산서구  중앙로 1471, 105호",경기도,고양시
170,주안3호점,인천광역시 남구  미추홀대로 591,인천광역시,남구
171,주문진읍점,강원도 강릉시 주문진읍 시장길 30,강원도,강릉시
172,좌4동점,"부산광역시 해운대구  세실로 174(좌동, 삼성아파트 분산상가 103호)",부산광역시,해운대구
173,"좌1,3동점","부산광역시 해운대구  대천로67번길 15, 112호",부산광역시,해운대구
174,종암점,"서울특별시 성북구  종암로 19길 46, 103호",서울특별시,성북구
175,종로4가점,서울특별시 종로구  창경궁로 113,서울특별시,종로구
176,조치원점,"세종특별자치시  조치원읍   충현로 72,삼일상가@110호",세종특별자치시,조치원읍
177,제천하소점,충청북도 제천시  용두대로15가길 13,충청북도,제천시
178,제주한림점,제주도 제주시 한림읍 한림로 653,제주도,제주시
179,제주중문점,제주도 서귀포시  천제연로 183-1,제주도,서귀포시
180,제주외도점,"제주도 제주시  우정로18길 12, 1층",제주도,제주시
181,제주영어도시점,제주도 서귀포시 대정읍 에듀시티로 23 상가동 105호,제주도,서귀포시
182,제주연동점,제주도 제주시 연동 274-21,제주도,제주시
183,제주아라점,제주도 제주시 아라1동  1718-3 원신아파트 상가 1층,제주도,제주시
184,제주신촌점,"제주도 제주시 조천읍 신북로99,1층",제주도,제주시
185,제주서사라점,제주도 제주시  서사로 149,제주도,제주시
186,제주동홍점,제주도 서귀포시  일주동로 8588,제주도,서귀포시
187,제주노형점,제주도 제주시  정존13길 14,제주도,제주시
188,정자해변점,울산광역시 북구  강동산하2로 7,울산광역시,북구
189,"정자2,3동점","경기도 성남시 분당구  내정로 54, 한솔마을 나상가동 104호",경기도,성남시
190,정자1동점,경기도 성남시분당구  내정로119번길 17,경기도,성남시분당구
191,정읍수성점,전라북도 정읍시  수성택지4길 4,전라북도,정읍시
192,정읍상동점,전라북도 정읍시  학산로 127-31(상동),전라북도,정읍시
193,"정왕3,4동점","경기도 시흥시  정왕신길로49번길 28, 미주@상가 107호",경기도,시흥시
194,정발산점,경기도 고양시 일산동구  산두로 239,경기도,고양시
195,정림복수점,대전광역시 서구  정림동로5번길 40,대전광역시,서구
196,정릉역점,"서울특별시 성북구 정릉로 26길 8, 제상가동 1층",서울특별시,성북구
197,정릉1호점,서울특별시 성북구  보국문로16길 74,서울특별시,성북구
198,정관신도시점,"부산광역시 기장군 정관읍 가동길 8-25, 1층",부산광역시,기장군
199,정관모전점,"부산광역시 기장군 정관면 정관로 350, 323동 B101호 (이지더원3차)",부산광역시,기장군
200,전주효자중화산2호점,전라북도 전주시 완산구 효자동1가 623-4번지,전라북도,전주시
201,전주평화점,전라북도 전주시 완산구  평화로 139,전라북도,전주시
202,전주진북점,전라북도 전주시 덕진구 진북동 434-45번지,전라북도,전주시
203,전주에코시티점,전라북도 전주시 덕진구  세병로74. 1층 101호,전라북도,전주시
204,전주아중점,전라북도 전주시 덕진구  무삼지로 53,전라북도,전주시
205,전주서신점,전라북도 전주시 완산구  전룡로 28,전라북도,전주시
206,전주삼천점,"전라북도 전주시 완산구  난전들로258, 1층 5호 (삼천동1가)",전라북도,전주시
207,전북혁신도시점,"전라북도 완주군 이서면  출판로 42 , 101호",전라북도,완주군
208,전남화순점,전라남도 화순군 화순읍 광덕리 305번지,전라남도,화순군
209,전남장흥점,전라남도 장흥군 장흥읍 북부로 62-1,전라남도,장흥군
210,전남영암점,전라남도 영암군 영암읍 중앙로 16,전라남도,영암군
211,전남영광점,전라남도 영광군 영광읍 옥당로 123,전라남도,영광군
212,전남나주점,"전라남도 나주시  중앙로 20, 1층",전라남도,나주시
213,전남광양읍점,전라남도 광양시 광양읍 유당로 43,전라남도,광양시
214,전남강진점,전라남도 강진군 강진읍 보은로1길 25,전라남도,강진군
215,전곡점,경기도 연천군 전곡읍 은전로 86번길 18,경기도,연천군
216,재궁오금동점,경기도 군포시 금정동 719번지,경기도,군포시
217,장항점,경기도 고양시 일산동구  중앙로 1129  호수마을 1단지 제중관동 1층 1058호,경기도,고양시
218,장천산동점,"경상북도 구미시 산동면 산호대로39길16, 1동 101호",경상북도,구미시
219,장지역점,서울특별시 송파구  송이로36길 37,서울특별시,송파구
220,장지동점,경기도 광주시 장지동 342-12 정현빌딩 A동,경기도,광주시
221,장안2동점,"서울특별시 동대문구  장한로33길 34, 1층",서울특별시,동대문구
222,장안1동점,"서울특별시 동대문구  장한로 9길 16,1층",서울특별시,동대문구
223,장성창포점,경상북도 포항시 북구  대곡로 10,경상북도,포항시
224,장성읍점,전라남도 장성군 장성읍 청운길 9-1,전라남도,장성군
225,장기감삼점,대구광역시 달서구 장기동 528,대구광역시,달서구
226,잠원한강점,"서울특별시 서초구  강남대로95길 47-4,  1층 2호(잠원동)",서울특별시,서초구
227,잠실본동점,서울특별시 송파구 잠실본동 222-10 1층,서울특별시,송파구
228,잠실2호점,서울특별시 송파구  석촌호수로 135,서울특별시,송파구
229,잠실1호점,서울특별시 송파구  올림픽로 35길 104-108,서울특별시,송파구
230,작전서운점,인천광역시 계양구  까치말로45번길 10,인천광역시,계양구
231,작전2동점,"인천광역시 계양구  계양대로 120번길 7, 102호",인천광역시,계양구
232,자운점,대전광역시 유성구 신봉동 5-2 창조레스텔 1층,대전광역시,유성구
233,자양점,서울특별시 광진구  뚝섬로 41길 8,서울특별시,광진구
234,임학점,"인천광역시 계양구  계양산로 216번길 14, 103호",인천광역시,계양구
235,일신부개점,인천광역시 부평구  경인로 1002번길 34-1,인천광역시,부평구
236,일산풍동점,"경기도 고양시 일산구  고풍로 72-41, 104호",경기도,고양시
237,일산식사점,"경기도 고양시 일산구  위시티3로 75, 1층",경기도,고양시
238,일산가좌점,경기도 고양시 일산서구 가좌동 392-22번지 오성프라자 101호,경기도,고양시
239,일도동광초점,제주도 제주시  연수로3길 7,제주도,제주시
240,인헌점,서울특별시 관악구  인헌길 43,서울특별시,관악구
241,인천효성점,인천광역시 계양구 효성2동 242-7번지 신진상가 A동 107호,인천광역시,계양구
242,인천주안2호점,인천광역시 남구  석정로 379,인천광역시,남구
243,인천주안1호점,"인천광역시 미추홀구 석바위로 112, 1층",인천광역시,미추홀구
244,인천용현2점,인천광역시 남구  낙섬중로 72,인천광역시,남구
245,인천연희점,인천광역시 서구 심곡동 336-4번지 1층 103호,인천광역시,서구
246,인천신포점,인천광역시 중구  신포로23번길 35-1,인천광역시,중구
247,인천숭의점,인천광역시 남구  수봉로 6-15,인천광역시,남구
248,인천석남점,인천광역시 서구  석남로 78,인천광역시,서구
249,인천검단점,인천광역시 서구 마전동 903-12번지 101호,인천광역시,서구
250,인창1호점,경기도 구리시 인창동 383-54번지 1층,경기도,구리시
251,인제점,강원도 인제군 인제읍 상동리 296-8,강원도,인제군
252,인계동수원점,경기도 수원시 팔달구 인계동 167-8,경기도,수원시
253,익산영등점,전라북도 익산시  무왕로 15길 5-4,전라북도,익산시
254,익산어양점,"전라북도 익산시  무왕로 19길 18, 1층 103호",전라북도,익산시
255,익산신동점,전라북도 익산시  익산대로68길 26,전라북도,익산시
256,익산부송점,전라북도 익산시  무왕로26길 21,전라북도,익산시
257,익산모현점,전라북도 익산시  선화로3길 39-15,전라북도,익산시
258,익산동산점,전라북도 익산시 중앙로166-1 1층 (마동),전라북도,익산시
259,이태원점,서울특별시 용산구  우사단로12길 18,서울특별시,용산구
260,이충장당점,경기도 평택시 서정동 1104-7번지,경기도,평택시
261,이천하이닉스점,"경기도 이천시 부발읍 경충대로 2216-4, 1층 101호",경기도,이천시
262,이천점,경기도 이천시  이섭대천로 1381,경기도,이천시
263,이천관고점,경기도 이천시  영창로 149,경기도,이천시
264,이문2호점,서울특별시 동대문구 이문동 345-7번지,서울특별시,동대문구
265,이문1호점,서울특별시 동대문구  신이문로 38,서울특별시,동대문구
266,이매점,"경기도 성남시 분당구  이매로13, 108호",경기도,성남시
267,의정부용현점,경기도 의정부시 (용현동) 용민로 75-27,경기도,의정부시
268,의정부민락점,"경기도 의정부시  오목로 168, 산들마을 제동상가 104호",경기도,의정부시
269,의정부동점,경기도 의정부시  신흥로 196,경기도,의정부시
270,의정부녹양점,경기도 의정부시 녹양동 326-2,경기도,의정부시
271,의왕오전점,경기도 의왕시  오전동길 25,경기도,의왕시
272,의왕삼동부곡점,경기도 의왕시  솔밭길 18-4,경기도,의왕시
273,응암1호점,서울특별시 은평구 응암로22길 7-1,서울특별시,은평구
274,음성혁신1호점,충청북도 음성군 맹동면 용두2나길 12,충청북도,음성군
275,은행선화점,대전광역시 중구  대종로549번길 14,대전광역시,중구
276,은행동점,경기도 성남시 중원구 은행동 701번지 1층,경기도,성남시
277,은평뉴타운점,"서울특별시 은평구  진관4로 78-8, 701동 104호",서울특별시,은평구
278,은천점,"서울특별시 관악구  은천로 61, 1층",서울특별시,관악구
279,율량사천점,충청북도 청주시 청원구  율천북로 55,충청북도,청주시
280,율량2지구점,충청북도 청주시 청원구 주성로 289,충청북도,청주시
281,유천점,대전광역시 중구  태평로44번길 32,대전광역시,중구
282,유가점,대구광역시 달성군 유가면 테크노중앙대로6길 20 1층 (봉리592-1),대구광역시,달성군
283,위례1호점,"경기도 성남시수정구 위례광장로 45, 1층 102호",경기도,성남시수정구
284,월피점,"경기도 안산시 상록구 안산천서로5길 27, 1층",경기도,안산시
285,월계2동점,서울특별시 노원구 월계동 776 월계프라자 104호,서울특별시,노원구
286,원통점,강원도 인제군 북면 원통로147번길 41,강원도,인제군
287,원주혁신점,"강원도 원주시  황금로 13, 201호",강원도,원주시
288,원주단구점,"강원도 원주시  단구로 414, 1층 102호",강원도,원주시
289,원주기업도시점,"강원도 원주시 지정면 신지정로 197-5, 1층 102호",강원도,원주시
290,원당검단점,"인천광역시 서구 당하동 1030-1, 106호",인천광역시,서구
291,원내점,"대전광역시 유성구  진잠로150번길 15-7, 101호",대전광역시,유성구
292,원곡본동점,경기도 안산시 단원구  화랑로 28,경기도,안산시
293,울산화봉점,울산광역시 북구  상방로 139,울산광역시,북구
294,울산일산대송점,울산광역시 동구 일산동 535-4번지,울산광역시,동구
295,울산온양점,울산광역시 울주군 온양읍 대안리415-19번지,울산광역시,울주군
296,울산온산점,"울산광역시 울주군 온산읍 영남6길 7, 1층",울산광역시,울주군
297,울산옥동신정1호점,울산광역시 남구 옥동 1405-27번지,울산광역시,남구
298,울산언양점,울산광역시 울주군 언양읍 동부리 257-10번지,울산광역시,울주군
299,울산야음점,울산광역시 남구  야음동 693-5,울산광역시,남구
300,울산신정3호점,울산광역시 남구 신정5동 265-50번지,울산광역시,남구
301,울산성안점,울산광역시 중구  백양로 14,울산광역시,중구
302,울산삼호점,울산광역시 남구 무거동 1447-9호,울산광역시,남구
303,울산삼산점,"울산광역시 남구  돋질로 334, 1층",울산광역시,남구
304,울산복산점,울산광역시 중구  화합로 498,울산광역시,중구
305,울산방어꽃바위점,울산광역시 동구  화문로 41,울산광역시,동구
306,울산반구점,"울산광역시 중구  화합로 388, 1호",울산광역시,중구
307,울산무거점,울산광역시 남구  신복로7 1층,울산광역시,남구
308,울산달동점,울산광역시 남구  번영로89번길 23,울산광역시,남구
309,울산다운점,울산광역시 중구  다운로 64,울산광역시,중구
310,울산농소1호점,울산광역시 북구 매곡1로 55-23,울산광역시,북구
311,울산남목점,울산광역시 동구  미포3길 35,울산광역시,동구
312,운정2호점,"경기도 파주시  한울로 84, 518동 102호",경기도,파주시
313,운정1호점,"경기도 파주시  가온로 27, 월드아파트상가 108호",경기도,파주시
314,운양점,경기도 김포시  김포한강11로 288-27,경기도,김포시
315,운서점,"인천광역시 중구  신도시남로141번길 16, 102호",인천광역시,중구
316,우정태화점,울산광역시 중구  태화로 263,울산광역시,중구
317,우장산동점,서울특별시 강서구  화곡로31길 18,서울특별시,강서구
318,우아호성점,전라북도 전주시 덕진구  우아로28,전라북도,전주시
319,우만1동점,경기도 수원시 팔달구  세지로 440,경기도,수원시
320,용호메트로점,"부산광역시 남구  용호로90번길 12-4, A-103호",부산광역시,남구
321,용현1호점,인천광역시 남구 용현동 2-9,인천광역시,남구
322,용인죽전1호점,경기도 용인시 수지구 죽전동 425-2번지 108호,경기도,용인시
323,용인역북점,"경기도 용인시 처인구 역북동 명지로40번길 35-16,상가동 지1층",경기도,용인시
324,용인양지점,"경기도 용인시 처인구  양지로 143번길 5-5 1층 1,2호",경기도,용인시
325,용인성복점,경기도 용인시 수지구 성복동 134번지 302호,경기도,용인시
326,용인보라점,"경기도 용인시 기흥구  한보라1로 42-4., 105호",경기도,용인시
327,용인둔전점,경기도 용인시 처인구 포곡읍 둔전리 405-19 105호,경기도,용인시
328,용인동천점,"경기도 용인시 수지구  수풍로117번길 2-2, 102호",경기도,용인시
329,용인김량장동점,"경기도 용인시 처인구 중부대로 1393, 1층 3호",경기도,용인시
330,용인구성점,경기도 용인시 기흥구  마북로 98,경기도,용인시
331,용인강남대점,"경기도 용인시 기흥구 강남로 12, 108, 109호(구갈동, 스카이프라자)",경기도,용인시
332,용이동점,"경기도 평택시  현신3길 4, 102호",경기도,평택시
333,용운판암점,대전광역시 동구  새울로91번길2,대전광역시,동구
334,용산용문점,서울특별시 용산구  새창로 119,서울특별시,용산구
335,용두신설점,서울특별시 동대문구  안암로 40,서울특별시,동대문구
336,"용당용호2,4동점",부산광역시 남구  용주로 29,부산광역시,남구
337,용담점,제주도 제주시  용담로 70,제주도,제주시
338,완주삼례점,전라북도 완주군 삼례읍 삼봉로 117,전라북도,완주군
339,완월자산점,경상남도 창원시 마산합포  고운로 181,경상남도,창원시
340,완도점,전라남도 완도군 완도읍 가용리 1062-4,전라남도,완도군
341,와동점,경기도 안산시 단원구  753-9 번지 1층,경기도,안산시
342,온천3동점,부산광역시 동래구  충렬대로86번길 31,부산광역시,동래구
343,온의퇴계점,강원도 춘천시 온의동 541-3번지,강원도,춘천시
344,옥정지구점,경기도 양주시  옥정동로5길 49,경기도,양주시
345,옥산정평점,경상북도 경산시  성암로 21길 43,경상북도,경산시
346,옥련점,인천광역시 연수구  청량로239번길 11,인천광역시,연수구
347,옥길지구점,"경기도 부천시   범안로219번길 19, 지하2층 비207호(옥길동) (",경기도,부천시
348,옥곡백천점,"경상북도 경산시  백천동로7, 상가동 108호",경상북도,경산시
349,옥계구포점,경상북도 구미시  산호대로 25길 25-38,경상북도,구미시
350,오태북삼점,경상북도 칠곡군 북삼읍 북삼로 109,경상북도,칠곡군
351,오창2산단점,"충청북도  청주시 청원구  오창읍  2산단로 185-1, 1층",충청북도,청주시
352,오송점,충청북도  청주시 흥덕구 오송읍 만수길 14-4,충청북도,청주시
353,오산중앙점,경기도 오산시  경기대로 333번길 31,경기도,오산시
354,오산신장점,경기도 오산시  오산로348번길 3,경기도,오산시
355,오산대원점,경기도 오산시  오산로 198번길 29,경기도,오산시
356,오목천점,경기도 수원시 권선구  오목천로 31,경기도,수원시
357,오금점,서울특별시 송파구  마천로 196,서울특별시,송파구
358,예산읍점,충청남도 예산군 예산읍 역전로140번길21,충청남도,예산군
359,예산삽교읍점,충청남도 예산군 삽교읍 삽교로 88,충청남도,예산군
360,영통2동점,경기도 수원시 영통구 영통2동 77-2번지,경기도,수원시
361,영통1동점,경기도 수원시 영통구  반달로 7번길 40,경기도,수원시
362,영천동부점,"경상북도 영천시  창신1길 42, 301동 1층 3호",경상북도,영천시
363,영주휴천점,경상북도 영주시  지천로 108,경상북도,영주시
364,영주대청점,부산광역시 중구  동영로 24,부산광역시,중구
365,영주가흥점,경상북도 영주시 가흥동 1810-1,경상북도,영주시
366,영월점,강원도  영월군  영월읍  중앙로 13,강원도,영월군
367,영암삼호점,"전라남도 영암군 삼호읍 삼호중앙로 234, 나동 1층",전라남도,영암군
368,영동읍점,충청북도 영동군 영동읍 계산리 588-36,충청북도,영동군
369,영덕읍점,경상북도 영덕군 영덕읍 남석리 23번지,경상북도,영덕군
370,영덕영해점,경상북도 영덕군 영해면 성내리 481-3,경상북도,영덕군
371,염창역점,"서울특별시 양천구  공항대로 644, 지앤빌딩",서울특별시,양천구
372,연일유강점,경상북도 포항시 남구 연일읍 철강로25번길 60,경상북도,포항시
373,연수교현점,충청북도 충주시  갱고개로 39,충청북도,충주시
374,연수1동점,인천광역시 연수구  먼우금로 264번길 12,인천광역시,연수구
375,연산2호점,부산광역시 연제구 연산동 798-1,부산광역시,연제구
376,연산1동점,부산광역시 연제구 연산동 615-10,부산광역시,연제구
377,연무읍점,충청남도 논산시 연무읍 연무로 180-1,충청남도,논산시
378,연남점,서울특별시 마포구  동교로27길 91,서울특별시,마포구
379,역촌점,서울특별시 은평구  연서로 49,서울특별시,은평구
380,역삼2동점,"서울특별시 강남구  언주로 69길 16, 103호",서울특별시,강남구
381,역삼1동점,"서울특별시 강남구  역삼로 129 ,104호",서울특별시,강남구
382,역곡점,경기도 부천시 원미구 역곡동 110-8번지,경기도,부천시
383,여주점,경기도 여주시  여흥로 108,경기도,여주시
384,여좌중앙점,경상남도 창원시 진해구  충장로41,경상남도,창원시
385,여의도3호점,서울특별시 영등포구 여의도동 84,서울특별시,영등포구
386,여의도1호점,서울특별시 영등포구 여의도동15-16 산정빌딩 105호,서울특별시,영등포구
387,여월도당점,경기도 부천시 오정구 여월동 5번지 대원스카이빌 1층 11호,경기도,부천시
388,여수죽림점,전라남도 여수시 소라면 죽림중앙로 33,전라남도,여수시
389,여수여천점,전라남도 여수시  망마로 102,전라남도,여수시
390,여수여서점,전라남도 여수시  여문1로 28,전라남도,여수시
391,여수봉산국동점,전라남도 여수시  어항로 27-1,전라남도,여수시
392,여수미평점,전라남도 여수시  양지1길 6-14,전라남도,여수시
393,여수문수점,전라남도 여수시  문수로 24,전라남도,여수시
394,여수무선점,전라남도 여수시  화산1길 7,전라남도,여수시
395,여수돌산점,전라남도 여수시 돌산읍 강남8길 15-34,전라남도,여수시
396,여수관문점,전라남도 여수시 충무동 463-1번지,전라남도,여수시
397,양평점,경기도 양평군 양평읍 한빛길4,경기도,양평군
398,양주삼숭고읍점,"경기도 양주시  부흥로 2094, TS푸른솔3차아파트 상가동",경기도,양주시
399,양주백석점,경기도 양주시 벡석읍 호명로 92,경기도,양주시
400,양주덕계점,경기도 양주시 덕계동 473-4번지,경기도,양주시
401,양정염포점,울산광역시 북구  염포로 563,울산광역시,북구
402,양재1동점,서울특별시 서초구 양재1동 110-5번지,서울특별시,서초구
403,양양점,강원도 양양군 양양읍 남문로15,강원도,양양군
404,양양낙산점,강원도 양양군 강현면 일출로 31-10,강원도,양양군
405,양산신도시점,"경상남도 양산시  양주로 38, 1층 108호",경상남도,양산시
406,양산석산점,"경상남도 양산시 동면 금오12길 4-5, 1층",경상남도,양산시
407,양산서창점,경상남도 양산시 삼호동 794-1 1층,경상남도,양산시
408,양산범어점,경상남도 양산시 물금읍 범구로 17,경상남도,양산시
409,양산물금점,"경상남도 양산시 물금읍 버들길 36, 1층",경상남도,양산시
410,양산덕계점,경상남도 양산시  배움터길 20,경상남도,양산시
411,양구점,강원도 양구군 양구읍 중심로 184-1,강원도,양구군
412,야탑3동점,경기도 성남시분당구  벌말로 29번길 18,경기도,성남시분당구
413,"야탑1,2동점",경기도 성남시 분당구  판교로 443,경기도,성남시
414,애월점,제주도 제주시 애월읍 고내로11길 30,제주도,제주시
415,압량조영점,경상북도 경산시 압량면 청운1로 89,경상북도,경산시
416,압구정점,서울특별시 강남구  신사동 619-6번지,서울특별시,강남구
417,암사3동점,서울특별시 강동구  암사길 88,서울특별시,강동구
418,알펜시아점,강원도 평창군 대관령면 솔봉로 325,강원도,평창군
419,안양중앙시장점,경기도 안양시 만안구  냉천로 193번길 42 안양4동 711-120,경기도,안양시
420,안양박달점,경기도 안양시 만안구  박달로 506,경기도,안양시
421,안양관양점,경기도 안양시 동안구 관양1동 1386-18번지,경기도,안양시
422,안양7동점,"경기도 안양시 만안구  태평로 52번길 37, 지상 1층 110호",경기도,안양시
423,안성한경대점,경기도 안성시 석정동 343번지 우남상가 102호,경기도,안성시
424,안산한양대점,경기도 안산시 상록구  사동 1550-8,경기도,안산시
425,안산초지점,경기도 안산시 단원구 초지동 742-9번지 메가쇼핑 113호,경기도,안산시
426,안산일동점,경기도 안산시 상록구 일동 88-2번지 102호,경기도,안산시
427,안산성포점,경기도 안산시 상록구 성포동 592-2번지 현대@상가 112동 107호,경기도,안산시
428,안동중앙점,경상북도 안동시  퇴계로 152,경상북도,안동시
429,안동용상점,경상북도 안동시  경동로 908,경상북도,안동시
430,안동1호점,경상북도 안동시  경동로 349,경상북도,안동시
431,아산탕정점,"충청남도 아산시 탕정면 명암리 939-10, 101호",충청남도,아산시
432,아산장재점,"충청남도 아산시  용연로 71, 103호",충청남도,아산시
433,아산용화점,충청남도 아산시  온중로 39,충청남도,아산시
434,아산신창점,충청남도 아산시 신창면 행목리 215-3,충청남도,아산시
435,아산둔포테크노벨리점,"충청남도 아산시  아산밸리중앙로 67, 이지더원아파트 414동 B108,",충청남도,아산시
436,아산권곡점,"충청남도 아산시  청운로 146번길 2, 201호",충청남도,아산시
437,쌍문점,서울특별시 도봉구  도봉로 125길 53,서울특별시,도봉구
438,심곡점,"경기도 부천시  신흥로 22, 1층 105호(심곡동, 스카이파크)",경기도,부천시
439,신흥약대점,경기도 부천시 원미구  약대동 118,경기도,부천시
440,신현점,"경기도 광주시 오포읍 신현로 74, 1층 101호",경기도,광주시
441,신현원창점,인천광역시 서구 가정동 515-1,인천광역시,서구
442,신평비산점,경상북도 구미시  구미대로30길 26,경상북도,구미시
443,신탄진점,대전광역시 대덕구  덕암로 255,대전광역시,대덕구
444,신촌점,서울특별시 서대문구  연세로 42-32,서울특별시,서대문구
445,신창신가점,광주광역시 광산구  신창로86번길 7-9,광주광역시,광산구
446,신정4동점,서울특별시 양천구  오목로 130,서울특별시,양천구
447,신정3동점,서울특별시 양천구 신정3동 761-89번지 대승프라자 103호,서울특별시,양천구
448,신월성점,"대구광역시 달서구 조암남로85,115호 (월성동,DS타워)",대구광역시,달서구
449,신월사파점,경상남도 창원시 의창구  원이대로 687,경상남도,창원시
450,"신월3,5동점",서울특별시 양천구 신월5동 58-1번지,서울특별시,양천구
451,"신월2,4동점","서울특별시 양천구 신월동 월정로 20-1,1층 3호",서울특별시,양천구
452,신시가지점,제주도 서귀포시  신서귀로 43,제주도,서귀포시
453,신수점,"서울특별시 마포구  토정로18길 11,상가동 102호",서울특별시,마포구
454,신성점,대전광역시 유성구  신성로 66,대전광역시,유성구
455,신사1동점,"서울특별시 은평구  갈현로 39-1, 1층 4호(신사동)",서울특별시,은평구
456,신림동점,서울특별시 관악구  신림동길 27,서울특별시,관악구
457,신둔점,경기도 이천시 신둔면 증신로 561,경기도,이천시
458,신도림점,서울특별시 구로구  신도림로11길 45,서울특별시,구로구
459,신대점,전라남도 순천시 해룡면 매안4길 22,전라남도,순천시
460,신대방1동점,서울특별시 동작구  신대방1길 16,서울특별시,동작구
461,신당역점,서울특별시 중구  퇴계로87길 22,서울특별시,중구
462,"신당3,4동점","서울특별시 중구  다산로32, 2상가 108호",서울특별시,중구
463,신내1동점,서울특별시 중랑구 신내1동 398-4번지,서울특별시,중랑구
464,신길뉴타운점,"서울특별시 영등포구  신길로 119, 112동 110호 (신길동, 한화꿈에그린상가)",서울특별시,영등포구
465,신기북정점,경남 양산시 삼성5길 5-21  (북정동),경남,양산시
466,신곡2동점,"경기도 의정부시  부용로210번길 17, 101호",경기도,의정부시
467,신곡1동점,"경기도 의정부시  발곡로 31번길 15 (신곡동, 지상1층)",경기도,의정부시
468,신갈점,경기도 용인시 기흥구  구갈로60번길 11,경기도,용인시
469,시흥월곶점,경기도 시흥시 월곶동 994-1번지 주영프라자 101호,경기도,시흥시
470,시흥신천점,경기도 시흥시  신천3길41,경기도,시흥시
471,시흥대야점,경기도 시흥시 대야동 475-11번지,경기도,시흥시
472,시흥능곡점,경기도 시흥시  능곡로 182,경기도,시흥시
473,시흥5동점,서울특별시 금천구  금하로 731-7,서울특별시,금천구
474,시흥1동점,서울특별시 금천구  은행나무로 24,서울특별시,금천구
475,시립대점,서울특별시 동대문구 전농동 155번지 삼성@상가 201호,서울특별시,동대문구
476,순천풍덕점,"전라남도 순천시  남산로 153,  1층(풍덕동)",전라남도,순천시
477,순천조례점,전라남도 순천시  봉화3길 5,전라남도,순천시
478,순천연향점,전라남도  순천시   연향1로 12,전라남도,순천시
479,순천북부점,전라남도 순천시  업동2길 2,전라남도,순천시
480,순천남부점,전라남도 순천시  우석로 202,전라남도,순천시
481,순창점,전라북도 순창군 순창읍 장류로 358,전라북도,순창군
482,수택3동점,경기도 구리시 수택3동 853번지 럭키아파트상가 108호,경기도,구리시
483,수택2동점,"경기도 구리시  벌말로 185, 117호",경기도,구리시
484,수진점, ,,
485,수유2동벽산점,서울특별시 강북구  삼양로 424,서울특별시,강북구
486,수원조원1동점,경기도 수원시 장안구  조원로 111번길 31,경기도,수원시
487,수원정자3동점,경기도 수원시 장안구 천천동 481-5 1층,경기도,수원시
488,수원정자2동점,경기도 수원시 장안구 정자2동 46-41번지,경기도,수원시
489,수원인계점,경기도 수원시 팔달구 인계동 1008-24,경기도,수원시
490,수원율전점,"경기도 수원시 장안구  서부로2197번길 40, 101호",경기도,수원시
491,수원영화점,경기도 수원시 장안구 정조로934번길 46,경기도,수원시
492,수원역점,경기도 수원시 팔달구  매산로52번길 8-1,경기도,수원시
493,수원세류점,"경기도 수원시 권선구  덕영대로 1113-10, 1층(세류동)",경기도,수원시
494,수완2호점,"광주광역시 광산구 신가 1245, 1층",광주광역시,광산구
495,수암신정2호점,"울산광역시 남구  신선로 45, 롯데캐슬중앙상가동 209호",울산광역시,남구
496,수석석남점,충청남도 서산시  덕지천로 105 (석림동),충청남도,서산시
497,수색증산점,서울특별시 은평구 증산서길 98,서울특별시,은평구
498,수락점,"서울특별시 노원구 동일로 239길 19, 105호",서울특별시,노원구
499,수내점,"경기도 성남시분당구  발이봉남로 3번길 4, 1층",경기도,성남시분당구
500,수곡모충점,충청북도 청주시 서원구  구룡산로 340,충청북도,청주시
501,송파점,"서울특별시 송파구  송이로2길 3, 1층",서울특별시,송파구
502,송추점,"경기도 양주시 장흥면 가마골로 173, 1층",경기도,양주시
503,송촌점,대전광역시 대덕구  동춘당로 44번길 20,대전광역시,대덕구
504,송천에코점,전라북도 전주시덕진구 송천로 112-42,전라북도,전주시덕진구
505,송우리점,경기도 포천시 소흘읍 송우로 55-5,경기도,포천시
506,송림송현점,인천광역시 동구  금곡로 86-1,인천광역시,동구
507,송도신도시점,인천광역시 연수구  컨벤시아대로 50,인천광역시,연수구
508,송도3동점,인천광역시 연수구 송도동 190-2  글로벌캠퍼스푸르지오상가 202동 131호,인천광역시,연수구
509,송내북부역점,경기도 부천시 원미구 상동 429-14,경기도,부천시
510,송내2동점,경기도 부천시 소사구 송내2동 628-24번지,경기도,부천시
511,속초조양점,"강원도 속초시  조양상가길 2, 110호",강원도,속초시
512,속초교동점,강원도 속초시 교동 교동로 113번지,강원도,속초시
513,소하2동점,경기도 광명시  성채로 50번길 33,경기도,광명시
514,소하1동점,경기도 광명시 소하1동 1324번지 주공아파트 상가 (후문),경기도,광명시
515,소촌우산점,광주광역시 광산구  사암로106번길 57,광주광역시,광산구
516,소사점,경기도 부천시 소사구 소사본3동 400-7 청구@ 상가 101호,경기도,부천시
517,소사벌점,경기도 평택시  비전6길 2-14,경기도,평택시
518,세종한솔새롬점,"세종특별자치시   누리로 119, 첫마을아파트상가동 제비 103호",세종특별자치시,누리로
519,세종종촌점,"세종특별자치시 도움1로74, 상가동 1층 105호 (종촌동, 가재마을 10단지)",세종특별자치시,"도움1로74,"
520,세종보람점,"세종특별자치시 한누리대로2129 스타힐타워 2동 115,116호",세종특별자치시,한누리대로2129
521,세종고운점,세종특별자치시 마음로151 907동 1층,세종특별자치시,마음로151
522,세교통복점,경기도 평택시  통복시장로 54번길 16-7,경기도,평택시
523,세교1호점,"경기도   오산시대호로 131, 1층 107호(궐동, 대유프라자)",경기도,오산시대호로
524,성현점,서울특별시 관악구 봉천동 466-76,서울특별시,관악구
525,성연테크노벨리점,"충청남도 서산시 성연면 충의로 696, 102호",충청남도,서산시
526,성신여대점,서울특별시 성북구 동선2가 145번지,서울특별시,성북구
527,성수1호점,서울특별시 성동구 성수1가2동 13-382 1층,서울특별시,성동구
528,성서계명대점,대구광역시 달서구  서당로9안길 5,대구광역시,달서구
529,성산2동점,서울특별시 마포구  성암로7길 25,서울특별시,마포구
530,성당본리점,대구광역시 달서구  대명천로 96,대구광역시,달서구
531,성내3동점,서울특별시 강동구 성내동 433-14 1층,서울특별시,강동구
532,성내2동점,"서울특별시 강동구 성내동 25-1번지 이안A상가 110,111호",서울특별시,강동구
533,성남하대원점,"경기도 성남시 중원구  마지로 155번길 25-12, 106호",경기도,성남시
534,성남중앙점,경기도 성남시중원구  광명로 209,경기도,성남시중원구
535,성건중부점,경상북도 경주시  북성로 98,경상북도,경주시
536,선학점,인천광역시 연수구  비류대로529번길 3,인천광역시,연수구
537,선부3동점,경기도 안산시 단원구  선부3동 1116-14번지,경기도,안산시
538,석촌점,서울특별시 송파구  송파대로45길 16,서울특별시,송파구
539,석수2동점,경기도 안양시 만안구  안양로 532번길 27,경기도,안양시
540,석관점,"서울특별시 성북구  돌곶이로 21, 1층",서울특별시,성북구
541,서현점,"경기도 성남시 분당구  황새울로360번길 26, 2층 203호(서현동, 삼보프라자)",경기도,성남시
542,서판교점,"경기도 성남시 분당구  운중로 178번길 1, 107호",경기도,성남시
543,서충주신도시점,"충청북도 충주시 대소원면 첨단산업4로 31, 1층",충청북도,충주시
544,서초3동점,서울특별시 서초구   반포대로22길 79-5,서울특별시,서초구
545,서초2동점,서울특별시 서초구  서운로 79,서울특별시,서초구
546,서천점,충청남도 서천군 서천읍 사곡리 304-68,충청남도,서천군
547,서창지구점,인천광역시 남동구 서창동 112 서창먹거리타운 1층,인천광역시,남동구
548,서울대방점,서울특별시 동작구  대방동23길 42,서울특별시,동작구
549,서산동문점,"충청남도 서산시  율지 19길 47-10, 1층",충청남도,서산시
550,서부전하점,울산광역시 동구 봉수로 290 상가동 제비201호(e편한세상전하),울산광역시,동구
551,서부신시가지점,전라북도 전주시 완산구  후곡길 23-11,전라북도,전주시
552,서림점,서울특별시 관악구 신림동 96-60 한강뉴스타,서울특별시,관악구
553,서둔탑동점,경기도 수원시 권선구  서둔로 221,경기도,수원시
554,서대문연희점,"서울특별시 서대문구  연희로 170, 1층",서울특별시,서대문구
555,서교점,"서울특별시 마포구 잔다리로 74, 1층",서울특별시,마포구
556,서곡지구점,전라북도 전주시 완산구  서곡1길 1-4 1층,전라북도,전주시
557,서강점,"서울특별시 마포구  독막로22길 28,1층",서울특별시,마포구
558,새솔동점,"경기도 화성시  수노을1로 191,  상가 4동 1층 102호 (새솔동, 송산그린시티 이지더원 레이크뷰)",경기도,화성시
559,상현2동점,경기도 용인시 수지구 상현2동 54-5 가동 102호,경기도,용인시
560,상주냉림무양점,경상북도 상주시  냉림2길 31-3,경상북도,상주시
561,상일점,서울특별시 강동구 상일동 237번지,서울특별시,강동구
562,상암점,서울특별시 마포구 상암동 30-1번지 형제빌딩 103호,서울특별시,마포구
563,상무2호점,광주광역시 서구  화정로85번길 30-1,광주광역시,서구
564,상동하당점,전라남도 목포시  상리로15번길 15,전라남도,목포시
565,상동점,"경기도 부천시  소향로 37번길 19, 1층 122, 123호",경기도,부천시
566,상도4동점,서울특별시 동작구  성대로 63,서울특별시,동작구
567,상도1호점,서울특별시 동작구 상도동 436,서울특별시,동작구
568,상계보람점,서울특별시 노원구  노원로34길 66 1층(상계동),서울특별시,노원구
569,"상계6,7동점",서울특별시 노원구 상계동 728-3 주공6단지 상가 101호,서울특별시,노원구
570,상.중동점,대구광역시 수성구  상화로66,대구광역시,수성구
571,삼천포점,경상남도 사천시 벌리동 420-8번지,경상남도,사천시
572,삼척점,강원도 삼척시 대학로 40,강원도,삼척시
573,삼전점,"서울특별시 송파구  백제고분로21길 20, 1층 102호",서울특별시,송파구
574,삼송1호점,경기도 고양시 덕양구 동산동 355-1번지,경기도,고양시
575,삼성2동점,"서울특별시 강남구  삼성로103길 12, 123",서울특별시,강남구
576,삼산2동점,인천광역시 부평구 삼산동 453-1번지,인천광역시,부평구
577,삼산1동점,인천광역시 부평구 평천로 389,인천광역시,부평구
578,산북소룡점,전라북도 군산시  원산북2길 37,전라북도,군산시
579,산본1동점,"경기도 군포시 군포로745번길 45, 1층",경기도,군포시
580,산남성화점,충청북도 청주시 서원구  두꺼비로 27번길 5-11,충청북도,청주시
581,산곡4동점,"인천광역시 부평구  원길로11번길 33, 1층",인천광역시,부평구
582,산곡2동점,인천광역시 부평구  화랑북로 11번길 38,인천광역시,부평구
583,사창사직2점,충청북도 청주시 서원구  사직대로 144번길 35-2,충청북도,청주시
584,사동계양점,경상북도 경산시  백양로34길 16,경상북도,경산시
585,사당1동점,서울특별시 동작구 사당동 1038-12,서울특별시,동작구
586,사2동점,"경기도 안산시 상록구  감골로 33, 101호",경기도,안산시
587,비전2동점,경기도 평택시 비전2동 272-7,경기도,평택시
588,비래가양점,대전광역시 동구 가양동 28-12번지,대전광역시,동구
589,불현점,경기도 동두천시 지행동 275-18,경기도,동두천시
590,불로봉무점,대구광역시 동구 팔공로101길 47,대구광역시,동구
591,불로동점,인천광역시 서구 불로동 308번지,인천광역시,서구
592,불당쌍용3동점,"충청남도 천안시 서북구 쌍용13길13-2,1층(쌍용동)",충청남도,천안시
593,불광1동점,서울특별시 은평구  불광로 114,서울특별시,은평구
594,분당동점,경기도 성남시 분당구 분당동 96번지,경기도,성남시
595,북아현점,"서울특별시 서대문구  북아현로1길 50, 상가1동 106호",서울특별시,서대문구
596,북변사우점,경기도 김포시 사우동 1066번지,경기도,김포시
597,북가좌1호점,서울특별시 서대문구  증가로 223,서울특별시,서대문구
598,부흥달안점,"경기도 안양시 동안구  동안로 194, 1층 117호",경기도,안양시
599,부평역점,인천광역시 부평구  부평문화로 107-03,인천광역시,부평구
600,부평4동점,"인천광역시 부평구  주부토로 109, 1층(일부호)",인천광역시,부평구
601,부천중동점,경기도 부천시 원미구 중1동 1123-2번지 107호,경기도,부천시
602,부천원종2동점,경기도 부천시 오정구 원종동 224-8번지,경기도,부천시
603,부천원미점,경기도 부천시 원미로 137,경기도,부천시
604,부천남부역점,"경기도  부천시  성주로 245, 102호(심곡본동, LG아트빌)",경기도,부천시
605,부여점,충청남도 부여군 부여읍 중앙로5번길 24-10,충청남도,부여군
606,부안읍점,전라북도 부안군 부안읍 학동길 21-1,전라북도,부안군
607,부산화명점,부산광역시 북구 화명3동 2287-1 리버사이드빌딩 107-1호,부산광역시,북구
608,부산학장점,부산광역시 사상구  대동로 147-3,부산광역시,사상구
609,부산하단점,부산광역시 사하구 하단2동 870-268번지,부산광역시,사하구
610,부산토곡점,부산광역시 연제구  과정로 132번길 50,부산광역시,연제구
611,부산초읍점,부산광역시 부산진구  성지로 104번길 46,부산광역시,부산진구
612,부산초량점,부산광역시 동구  초량로 59,부산광역시,동구
613,부산청학점,부산광역시 영도구 청학동 신도브래뉴 상가 112호,부산광역시,영도구
614,부산주례점,부산광역시 사상구  양지로 8번길 45-15,부산광역시,사상구
615,부산주례2호점,부산광역시 사상구 주례동 80-29번지 1층,부산광역시,사상구
616,부산좌동점,부산광역시 해운대구  좌동순환로 275,부산광역시,해운대구
617,부산전포점,부산광역시 부산진구  서전로 58번길 51,부산광역시,부산진구
618,부산재송점,부산광역시 해운대구  해운대로143번길 51,부산광역시,해운대구
619,부산장전점,부산광역시 금정구  장전온천천로 73번길 6,부산광역시,금정구
620,부산장림점,부산광역시 사하구  다대로 320번길 25,부산광역시,사하구
621,부산우동점,부산광역시 해운대구  우동1로 45,부산광역시,해운대구
622,부산우2동점,"부산광역시 해운대구  해운대로 361, 103호",부산광역시,해운대구
623,부산온천점,부산광역시 동래구  중앙대로 1335번길 21,부산광역시,동래구
624,부산엄궁점,부산광역시 사상구  엄궁북로 4번길 7,부산광역시,사상구
625,부산양정점,부산광역시 부산진구  양정로 6,부산광역시,부산진구
626,부산안락점,부산광역시 동래구  충렬대로 457번길 21,부산광역시,동래구
627,부산수정점,부산광역시 동구  홍곡로 74,부산광역시,동구
628,부산수영점,"부산광역시 수영구  수영로 741번길 46, 협성르네상스상가 218동 10",부산광역시,수영구
629,부산수민점,부산광역시 동래구 수안동 34-1번지 새동래상가 6동 104호,부산광역시,동래구
630,부산송도점,부산광역시 서구  암남공원로 27,부산광역시,서구
631,부산서동점,부산광역시 금정구  서곡로 34,부산광역시,금정구
632,부산사직점,부산광역시 동래구 사직1동 47-23번지,부산광역시,동래구
633,부산부암점,부산광역시 부산진구  백양순환로 137-1,부산광역시,부산진구
634,부산부곡점,부산광역시 금정구  중앙대로1706번길 15,부산광역시,금정구
635,부산부곡2호점,부산광역시 금정구  서동로36 (부곡동),부산광역시,금정구
636,부산범천점,부산광역시 부산진구 범일로192번길54,부산광역시,부산진구
637,부산반여점,부산광역시 해운대구  선수촌로162-1 (반여동),부산광역시,해운대구
638,부산반여2호점,부산광역시 해운대구  재반로 242번길 29-70,부산광역시,해운대구
639,부산반송점,"부산광역시 해운대구  윗반송로 51번길 46-1, 1층",부산광역시,해운대구
640,부산문현점,부산광역시 남구 문현1동 13-63번지,부산광역시,남구
641,부산명지점,부산광역시 강서구  명지오션시티2로71,부산광역시,강서구
642,부산망미점,부산광역시 수영구 과정로41번길 45 (부산광역시 수영구 망미동 445-2),부산광역시,수영구
643,부산만덕점,"부산광역시 북구  만덕2로44번길72, 106동 106호",부산광역시,북구
644,부산동삼점,부산광역시 영도구  동삼로 79,부산광역시,영도구
645,부산덕포점,부산광역시 사상구  삼덕로 72-1,부산광역시,사상구
646,부산덕천점,부산광역시 북구 덕천1동 408-18번지,부산광역시,북구
647,부산대연점,부산광역시 남구  못골로41번길 13,부산광역시,남구
648,부산대신점,부산광역시 서구 서대신동3가 279-14번지 2통 4반,부산광역시,서구
649,부산당리점,부산광역시 사하구  다대로 4,부산광역시,사하구
650,부산당감점,부산광역시 부산진구  당감서로 118-1,부산광역시,부산진구
651,부산다대점,부산광역시 사하구 다대1동 933-12번지,부산광역시,사하구
652,부산남항점,부산광역시  영도구   절영로93번길 25-1,부산광역시,영도구
653,부산남천점,"부산광역시 수영구 (남천동) 수영로408번길 65, 상가동 2호",부산광역시,수영구
654,부산남산점,부산광역시 금정구  남산로37번길 60,부산광역시,금정구
655,부산낙민점,부산광역시 동래구  안남로 69,부산광역시,동래구
656,부산기장점,부산광역시 기장군 기장읍 차성동로 161,부산광역시,기장군
657,부산금곡점,부산광역시 북구  효열로 207(금곡동),부산광역시,북구
658,부산구포점,부산광역시 북구  시랑로7번길 4,부산광역시,북구
659,부산구서점,부산광역시 금정구 구서2동 184-23번지,부산광역시,금정구
660,부산괴정점,부산광역시 사하구 괴정동 929번지,부산광역시,사하구
661,부산괴정2호점,부산광역시 사하구  사리로 42,부산광역시,사하구
662,부산거제점,"부산광역시 연제구 중앙대로 1167, 105호",부산광역시,연제구
663,부산개금점,부산광역시 부산진구 개금3동 470-8번지,부산광역시,부산진구
664,부산감천점,부산광역시 사하구  감천로 69,부산광역시,사하구
665,부산감만점,부산광역시 남구  우암로 79번길 1,부산광역시,남구
666,부산가야점,부산광역시 부산진구  가야대로 552번길 135,부산광역시,부산진구
667,부개2동점,인천광역시 부평구 부개동 124-51번지,인천광역시,부평구
668,봉일천점,경기도 파주시 조리읍 봉일천리 142-3번지,경기도,파주시
669,봉동점,"전라북도 완주군 봉동읍 완주산단8로 24, 1층 103호",전라북도,완주군
670,봉담1호점,"경기도 화성시 봉담읍 상봉길 31, 지맨프라자 119-1호",경기도,화성시
671,봄그리고가을리조트점,제주도 서귀포시 성산읍  해맞이해안로2660,제주도,서귀포시
672,본오2동점,경기도 안산시 상록구  본이로 8,경기도,안산시
673,본동월성2동점,"대구광역시 달서구 와룡로5길11,1층(본동)",대구광역시,달서구
674,복대개신점,"충청북도 청주시 흥덕구  풍산로147번길 1, 1층 103호",충청북도,청주시
675,보성읍점,전라남도 보성군 보성읍 중앙로96-1,전라남도,보성군
676,보령동대점,충청남도 보령시 동대동 476-4번지,충청남도,보령시
677,병점2동점,"경기도 화성시  병점로 48, 1층 101호(병점동)",경기도,화성시
678,별내2호점,"경기도 남양주시  순화궁로 382-1, 별사랑마을2-2단지상가 104호",경기도,남양주시
679,별내1호점,경기도 남양주시  별내3로92,경기도,남양주시
680,"범어1,2,3동점",대구광역시 수성구  동대구로73길 24,대구광역시,수성구
681,번동점,"서울특별시 강북구 번동 덕릉로126, 우일빌딩 1층",서울특별시,강북구
682,백석1동점,"경기도  고양시 일산동구  강석로33, 104호",경기도,고양시
683,배방점,충청남도 아산시 배방읍 모산로 136,충청남도,아산시
684,배곧캠퍼스점,경기도 시흥시  배곧1로 27-15,경기도,시흥시
685,배곧신도시점,경기도 시흥시  배곧4로30 배곧타운116호,경기도,시흥시
686,방화역점,서울특별시 강서구 방화동 830-1 에어뷰오피스텔2 101호,서울특별시,강서구
687,방학1동점,"서울특별시 도봉구  도당로 133, 1층",서울특별시,도봉구
688,방이점,서울특별시 송파구  가락로 267,서울특별시,송파구
689,방배4동점,"서울특별시 서초구  방배로32길 8, 1층 (조일빌딩)",서울특별시,서초구
690,방배1동점,서울특별시 서초구  방배로 13길 34,서울특별시,서초구
691,방림양림점,광주광역시 남구 방림동 473-1 송림주택1동 101호,광주광역시,남구
692,반포1동점,서울특별시 서초구 반포1동 746-8 103호,서울특별시,서초구
693,민락광안1동점,부산광역시 수영구 민락동 167-1번지,부산광역시,수영구
694,민락2지구점,경기도 의정부시  용민로 249 골든타워 101호,경기도,의정부시
695,미아1호점,서울특별시 강북구  삼양로 198,서울특별시,강북구
696,미성점,서울특별시 관악구  난우길43,서울특별시,관악구
697,미사수변점,"경기도 하남시  미사강변중앙로 111번길 26, 1층",경기도,하남시
698,미사1호점,경기도 하남시  미사강변북로30번길 37,경기도,하남시
699,문화신풍점,전라북도 군산시 대학로 120-1,전라북도,군산시
700,문학구장점, ,,
701,문정점,서울특별시 송파구  동남로6길 41-10,서울특별시,송파구
702,문산점,경기도 파주시 문산읍 독산로 31-1,경기도,파주시
703,문막점,강원도 원주시 문막읍 건등리 1624-5,강원도,원주시
704,문래점,서울특별시 영등포구 문래5가 23-1,서울특별시,영등포구
705,문경새재점,경상북도 문경시 문경읍 주흘1길 25,경상북도,문경시
706,무주구천동점,전라북도 무주군 설천면 구천동로 1050,전라북도,무주군
707,무전북신점,경상남도 통영시  여황로 399-4,경상남도,통영시
708,무안읍점,"전라남도 무안군 무안읍 불무로20,1층",전라남도,무안군
709,무안남악점,전라남도 무안군 삼향읍 남악영산길39 102호,전라남도,무안군
710,무실점,"강원도 원주시  만대공원길 50, 111호",강원도,원주시
711,목포이로점,"전라남도 목포시  삼학로 331, 금호상가102호",전라남도,목포시
712,목포용해점,전라남도 목포시  포미로10번길 8,전라남도,목포시
713,목포연산북항점,전라남도 목포시 산정동 1766-9,전라남도,목포시
714,목포삼학점,전라남도 목포시  둥근섬로 48-1,전라남도,목포시
715,목천읍점,충청남도 천안시 동남구 목천읍 신계리 422번지 동우상가 120호,충청남도,천안시
716,목감점,"경기도 시흥시  목감우회로 39, 118호",경기도,시흥시
717,목4동점,"서울특별시 양천구 목동중앙남로12,1층 (목동)",서울특별시,양천구
718,모슬포점,제주도 서귀포시 대정읍 하모중앙로32번길 17,제주도,서귀포시
719,명지국제신도시점,부산광역시 강서구 명지동 3412-2 정우빌딩 2차 1층 114호,부산광역시,강서구
720,명일점,서울특별시 강동구 명일동 342-1번지 105호,서울특별시,강동구
721,면목점,서울특별시 중랑구 면목동 657-54,서울특별시,중랑구
722,면목본동점,서울특별시 중랑구 면목본동 412-1,서울특별시,중랑구
723,매탄3동점,경기도 수원시 영통구  인계로270번길 11-3,경기도,수원시
724,매탄1동점,경기도 수원시 영통구  매여울로 49,경기도,수원시
725,매곡오치점,광주광역시  북구   매곡로 76,광주광역시,북구
726,망포점,"경기도 수원시 영통구  영통로 127, 102호",경기도,수원시
727,망원1동점,서울특별시  마포구  망원로 6길 19,서울특별시,마포구
728,망우본동점,"서울특별시 중랑구  용마산로 118길 63, 1층",서울특별시,중랑구
729,만수2호점,인천광역시 남동구  만수서로21번길 4,인천광역시,남동구
730,만수1호점,"인천광역시 남동구  장승로 14, 창대아트빌",인천광역시,남동구
731,마석점,경기도 남양주시 화도읍 마석우리 357-7,경기도,남양주시
732,마산회원점,경상남도 창원시마산회원구  북성로 156,경상남도,창원시마산회원구
733,마산점,"경기도 김포시  김포한강8로162번길 10, 1층 102호",경기도,김포시
734,마산월영점,경상남도 창원시 마산합포 월영동 610-1,경상남도,창원시
735,마산양덕점,경상남도 창원시 마산회원구  양덕로 140,경상남도,창원시
736,마산삼계점,경상남도  창원시 마산회원 내서읍 삼계로 56,경상남도,창원시
737,마산산호점,경상남도 창원시    마산합포구 산호동 25-1 1층 104호,경상남도,창원시
738,마산내서점,경상남도 창원시 마산회원 내서읍 중리 337-1번지,경상남도,창원시
739,마산구암점,경상남도 창원시 마산회원  구암북1길 124,경상남도,창원시
740,마두점,"경기도 고양시 일산동구 마두동 792-1, 117-118호",경기도,고양시
741,마곡나루역점,서울특별시 강서구 마곡동 758-2 마곡일성트루엘 상가 1층 112호,서울특별시,강서구
742,마곡1호점,"서울특별시 강서구  공항대로 140, 1205동 102-2호(마곡동, 마곡",서울특별시,강서구
743,등촌2동점,서울특별시 강서구  등촌로53길 13,서울특별시,강서구
744,둔촌2동점,서울특별시 강동구  천호대로 198길 12 (둔촌동),서울특별시,강동구
745,둔산갤러리아점,"대전광역시 서구 둔산동 1088번지 1층 104, 105호",대전광역시,서구
746,둔내점,강원도 횡성군 둔내면 고원로 433,강원도,횡성군
747,동해천곡점,강원도 동해시 천곡동 1052-22 102호,강원도,동해시
748,동해북삼점,강원도 동해시 동회동  66-4 동보상가 나동 4호,강원도,동해시
749,동판교점,경기도 성남시 분당구 삼평동 726 가상가동 103호,경기도,성남시
750,동탄영천점,경기도 화성시  지산2길 26,경기도,화성시
751,동탄역점,"경기도  화성시  동탄광역환승로 63,  동탄역 반도유보라 아이비파크 106동 115호",경기도,화성시
752,동탄목동점,"경기도 화성시  왕배산1길15,1층 전부호(목동)",경기도,화성시
753,동탄8동점,"경기도  화성시  동탄대로 4길 17,  지1층 112호(장지동, 금호어울림레이크)",경기도,화성시
754,동탄3동점,"경기도 화성시  동탄원천로 289-10, 가상가동 101호 (능동, 동탄능동마을주공아파트)",경기도,화성시
755,동탄1동점,경기도 화성시 반송동 24-3,경기도,화성시
756,동춘점,인천광역시 연수구 봉재산로36번안길22 1층 (동춘동),인천광역시,연수구
757,동암점,인천광역시 부평구 십정동 487-2번지,인천광역시,부평구
758,동송점,"강원도 철원군 동송읍 금학로 205, 1층",강원도,철원군
759,동서오동점,경상남도 창원시 마산합포  3.15대로 388,경상남도,창원시
760,동산반월점,전라북도 전주시 덕진구  쪽구름로 19 상가 1동 101호,전라북도,전주시
761,동삭센트럴점,"경기도 평택시  상서재로5길 15, 1층 118호 (동삭동, 상가)",경기도,평택시
762,동백점,"경기도 용인시 기흥구  동백3로 11번길 33, 106호",경기도,용인시
763,동대문역점,"서울특별시 종로구  종로 326, 1층(창신동)",서울특별시,종로구
764,동광오거리점,"강원도 춘천시 후평동 삭주로 206-1, 1층(후평동)",강원도,춘천시
765,독산3동점,서울특별시 금천구  문성로 4,서울특별시,금천구
766,독산1동점,"서울특별시 금천구  벚꽃로 40, 114동 128호",서울특별시,금천구
767,독립문점,서울특별시 서대문구  독립문로 16,서울특별시,서대문구
768,도화점,서울특별시 마포구  도화4길 23,서울특별시,마포구
769,도안2호점,"대전광역시 서구  원도안로 100, 101호",대전광역시,서구
770,도안1호점,대전광역시 유성구  유성대로 654번길 152-1,대전광역시,유성구
771,도림점,서울특별시 영등포구 도림동 144-73번지,서울특별시,영등포구
772,도농점,경기도 남양주시  도농로중촌2길 26-21,경기도,남양주시
773,도곡2동점,서울특별시 강남구 논현로30길 36,서울특별시,강남구
774,"덕풍1,2동점",경기도 하남시 덕풍동 342-32,경기도,하남시
775,덕진금암점,전라북도 전주시덕진구  조경단로 59,전라북도,전주시덕진구
776,덕정점,경기도 양주시  고암길 154-12,경기도,양주시
777,대화점,경기도 고양시 일산서구  강성로214번길 16-10,경기도,고양시
778,대치2동점,서울특별시 강남구 대치2동 990-3,서울특별시,강남구
779,"대치1,4동점","서울특별시 강남구  삼성로 229, 104호",서울특별시,강남구
780,대천해수욕장점,"충청남도 보령시  해수욕장6길 124, 102호",충청남도,보령시
781,대조점,서울특별시 은평구  역말로 145,서울특별시,은평구
782,대전학하지구점,"대전광역시 유성구  학하서로121번길163, 101호",대전광역시,유성구
783,대전태평점,대전광역시 중구 태평동 330-20번지,대전광역시,중구
784,대전탄방점,대전광역시 서구 탄방동 848,대전광역시,서구
785,대전전민점,"대전광역시 유성구 전민로38번길 50, 1층",대전광역시,유성구
786,대전월평1호점,대전광역시 서구 월평동 670,대전광역시,서구
787,대전우송대점,대전광역시 동구  계족로251-1 (소제동),대전광역시,동구
788,대전송강테크노점,"대전광영시 유성구 테크노3로 77, 1층 101호",대전광영시,유성구
789,대전법동점,대전광역시 대덕구  계족산로17번길 110,대전광역시,대덕구
790,대전반석점,대전광역시 유성구 반석동 624-2,대전광역시,유성구
791,대전문화점,대전광역시 중구 문화2동 418-1 계룡APT상가 103호,대전광역시,중구
792,대전만년점,대전광역시 서구  만년남로 3번길 8-12,대전광역시,서구
793,대전둔산1호점,대전광역시 서구  문정로 170번길 157,대전광역시,서구
794,대전도마점,대전광역시 서구  도솔4길 37,대전광역시,서구
795,대전노은점,"대전광역시 유성구  은구비서로 17, 1층",대전광역시,유성구
796,대전궁동점,대전광역시 유성구 궁동 432-1번지,대전광역시,유성구
797,대전관저점,대전광역시 서구  관저동로99번길5 (관저동),대전광역시,서구
798,대전갈마2동점,"대전광역시 서구  대덕대로 115, 1층",대전광역시,서구
799,대전가장점,대전광역시 서구 괴정동 116-6,대전광역시,서구
800,대전가오점,대전광역시 동구 가오동 461번지,대전광역시,동구
801,대연2호점,부산광역시 남구  용소로40번길 19(대연동),부산광역시,남구
802,대성죽교점,전라남도 목포시  양을로 1-2,전라남도,목포시
803,대부도점,경기도 안산시 단원구 대부북동 뻐꾹산길 126-11,경기도,안산시
804,대명1호점,대구광역시 남구  대명로 20길 22-2,대구광역시,남구
805,대림1동점,서울특별시 영등포구  디지털로 77길 2-6,서울특별시,영등포구
806,대구황금점,대구광역시 수성구 황금동 228-1번지 외 1필지,대구광역시,수성구
807,대구화원점,대구광역시 달성군 화원읍  천내리 118번지 창신맨션 상가 1동 2호,대구광역시,달성군
808,대구평리1호점,"대구광역시 서구  평리로 377, 1층(평리동)",대구광역시,서구
809,대구태전점,대구광역시 북구 태전동 칠곡중앙대로 53길 10,대구광역시,북구
810,대구침산점,대구광역시 북구  침산남로 19길 6,대구광역시,북구
811,대구진천점,대구광역시 달서구 진천동 728-1,대구광역시,달서구
812,대구지산점,대구광역시 수성구 지산동 1272-2번지 에덴상가 5호,대구광역시,수성구
813,대구이곡점,대구광역시 달서구  선원남로 74 1층,대구광역시,달서구
814,대구읍내점,대구광역시 북구 읍내동 479-2번지 102호,대구광역시,북구
815,대구율하점,대구광역시 동구  율하동로 25길 2 (신기동),대구광역시,동구
816,대구용산점,대구광역시 달서구 용산동 용산로 186-7  1층,대구광역시,달서구
817,대구신천점,대구광역시 동구 신천3동 183-1번지,대구광역시,동구
818,대구신매점,대구광역시 수성구  고산로4안길 33-14,대구광역시,수성구
819,대구수성점,대구광역시 수성구 수성로271,대구광역시,수성구
820,대구상인1호점,대구광역시 달서구  상인로100-1,대구광역시,달서구
821,대구산격점,"대구광역시 북구  동북로131,상가 106동 101호(양우내안애 아파트)",대구광역시,북구
822,대구봉덕점,대구광역시 남구  중앙대로22길 155,대구광역시,남구
823,대구복현점,대구광역시 북구 복현동 249-8,대구광역시,북구
824,대구범어4만촌3점,대구광역시 수성구  범어로18길 56,대구광역시,수성구
825,대구방촌점,"대구광역시 동구  방촌로 125, 101동111호 굽네치킨 (방촌동)",대구광역시,동구
826,대구반야월점,"대구광역시 동구  반야월로370, 306동 103호",대구광역시,동구
827,대구메트로점,대구광역시 수성구 만촌동 962-15,대구광역시,수성구
828,대구매호점,대구광역시 수성구  매호동 1323-9 번지,대구광역시,수성구
829,대구동천점,대구광역시 북구  팔거천동로 34길 3-17,대구광역시,북구
830,대구대현점,대구광역시 북구  대현로 106,대구광역시,북구
831,대구대봉점,"대구광역시 중구  대봉로 268, 1층",대구광역시,중구
832,대구대곡점,대구광역시 달서구  도원남로 38,대구광역시,달서구
833,대구다사점,대구광역시 달성군 다사읍 대실역북로3길 9,대구광역시,달성군
834,대구노원점,대구광역시 북구  팔달로 153,대구광역시,북구
835,대구구암점,대구광역시 북구  구암로 43길 13,대구광역시,북구
836,대구관음점,대구광역시 북구 관음동 600-2번지,대구광역시,북구
837,대광점,경기도 연천군 신서면 도신리 290-20,경기도,연천군
838,대관령점,강원도 평창군 대관령면 눈마을길 49,강원도,평창군
839,당하점,"인천광역시 서구 마전동 1054-6, 103호",인천광역시,서구
840,당진신평점,충청남도 당진시  거산3거리길 70,충청남도,당진시
841,당진송악점,충청남도 당진시 송악읍 가학리 632-8 대림e-편한세상 상가 206호,충청남도,당진시
842,당산2동점,서울특별시 영등포구  국회대로 29길 16,서울특별시,영등포구
843,답십리1동점,"서울특별시 동대문구  전농로 57, 1층",서울특별시,동대문구
844,담양점,전라남도 담양군 담양읍 천변1길 11,전라남도,담양군
845,단계점,강원도 원주시  금불1길 24-7,강원도,원주시
846,다대2동점,부산광역시 사하구  다대로429번길 20,부산광역시,사하구
847,능곡점,경기도 고양시 덕양구  지도로 35번길 12-22,경기도,고양시
848,농소2호점,울산광역시 북구  천곡길 191,울산광역시,북구
849,논현고잔1호점,인천광역시 남동구  논고개로 136번길 12,인천광역시,남동구
850,논현1동점,서울특별시 강남구  학동로6길 3,서울특별시,강남구
851,녹번점,"서울특별시 은평구  녹번로 9, 1층",서울특별시,은평구
852,내포신도시1호점,"충청남도 홍성군 홍북면 상하천로 31, 117호",충청남도,홍성군
853,내수점,"충청북도 청주시 청원구 내수읍 청암로 37,104호",충청북도,청주시
854,내손2동점,경기도 의왕시  흥안대로434번길 69,경기도,의왕시
855,내방농성점,광주광역시 서구  월산로 257,광주광역시,서구
856,내덕우암점,충청북도 청주시 청원구  중앙로 191-2,충청북도,청주시
857,내당중리점,대구광역시 서구  평리로286,대구광역시,서구
858,남지읍점,경상남도 창녕군 남지읍 663-26,경상남도,창녕군
859,남원점,전라북도 남원시  옥정2길 13,전라북도,남원시
860,남원2호점,전라북도 남원시  충정로 320,전라북도,남원시
861,남양주창현점,경기도 남양주시  경춘로창벌1길 19,경기도,남양주시
862,남양주진접점,경기도 남양주시 진접읍 장현로 131,경기도,남양주시
863,남양주월산점,"경기도 남양주시 화도읍 경춘로2290번길 3,상가1동102호",경기도,남양주시
864,남양주와부1호점,경기도 남양주시 와부읍 수레로 58,경기도,남양주시
865,남양주오남점,경기도 남양주시 오남읍 130번지 102호,경기도,남양주시
866,남양주사능점,경기도 남양주시 진건읍 진건오남로 105번길 15,경기도,남양주시
867,남양가음점,"경상남도 창원시 성산구  원이대로 863번길 7, 105호",경상남도,창원시
868,남산대신점,대구광역시 중구  남산로17길 145,대구광역시,중구
869,남가좌1호점,서울특별시 서대문구  가재울로 4길 57-2,서울특별시,서대문구
870,나주혁신도시점,전라남도 나주시 상야3길 8 중흥S클래스 메가티움 2차 131호 (빛가람동),전라남도,나주시
871,나운2호점,"전라북도 군산시  부곡1길 39, 상가동 1층 108호",전라북도,군산시
872,김해활천점,경상남도 김해시 어방동 319-11,경상남도,김해시
873,김해진영점,경상남도 김해시 진영읍 장등로 30,경상남도,김해시
874,김해주촌점,경상남도 김해시 주촌면 선천남로 123,경상남도,김해시
875,김해장유점,경상남도 김해시 삼문로59번길 6,경상남도,김해시
876,김해율하점,경상남도 김해시 율하동 1403번지 부상가 101호,경상남도,김해시
877,김해율하2지구점,경상남도 김해시  율하7로 21,경상남도,김해시
878,김해외동점,경상남도 김해시 외동  1242-2 1층,경상남도,김해시
879,김해삼방점,경상남도 김해시  삼안로 169,경상남도,김해시
880,김해삼계점,경상남도 김해시  삼계로1번길 4-4,경상남도,김해시
881,김해부원점,경상남도 김해시  김해대로2371번길 8-25,경상남도,김해시
882,김해동장유점,경상남도 김해시  월산로111-43,경상남도,김해시
883,김해내동점,경상남도 김해시 외동 1121-1 동신빌딩 112호,경상남도,김해시
884,김해구산대성점,경상남도 김해시 구산동 555번지 106호,경상남도,김해시
885,김포풍무점,경기도 김포시 풍무동 425번지 102호,경기도,김포시
886,김포장기점,경기도 김포시 장기동 1636번지 고창마을 제일풍경채상가동 102호,경기도,김포시
887,김천혁신점,경상북도 김천시  율곡동 416 중흥에스클래스파라디움상가 2동 108호,경상북도,김천시
888,김천1호점,경상북도 김천시  신음새동네2길 31,경상북도,김천시
889,김제점,전라북도 김제시  요촌중길45 (요촌동 585-3),전라북도,김제시
890,길음1동점,"서울특별시 성북구  길음로 74, 2-107",서울특별시,성북구
891,길동점,서울특별시 강동구 길동 142-2,서울특별시,강동구
892,금호1가응봉점,서울특별시 성동구 금호동1가 1801-2 1층,서울특별시,성동구
893,금촌점,경기도 파주시  새꽃로 96번지,경기도,파주시
894,금촌3동점,"경기도 파주시 아동동 경의로 1833, 1층일부",경기도,파주시
895,금왕점,"충청북도 음성군 금왕읍 탑골길 12, 제1동  103호",충청북도,음성군
896,금산읍점,충청남도 금산군 금산읍 비단로 329,충청남도,금산군
897,금당왕지점,전라남도 순천시 해룡면 조례못등길 70,전라남도,순천시
898,금광2동점,경기도 성남시 중원구  금빛로 61번길 11,경기도,성남시
899,귀인평안점,"경기도 안양시 동안구 평촌동 915-5번지, 1층",경기도,안양시
900,권선2동점,경기도 수원시 권선구 권선동 1259-8번지,경기도,수원시
901,군포당동점,경기도 군포시  고산로264번길 13,경기도,군포시
902,군자점,서울특별시 광진구  군자로 168,서울특별시,광진구
903,군산조촌점,전라북도 군산시  부골2길 53,전라북도,군산시
904,군산수송점,전라북도 군산시  축동로 7,전라북도,군산시
905,군산나운점,전라북도 군산시  대학로 316 1층,전라북도,군산시
906,구의2동점,"서울특별시 광진구  자양로 287, 1층(구의동)",서울특별시,광진구
907,구의1동점,"서울특별시 광진구  자양로 173, 간씨빌딩",서울특별시,광진구
908,구월점,인천광역시 남동구  독점로3번길 30-6,인천광역시,남동구
909,구영천상점,울산광역시 울주군 범서읍 구영리 802-22번지,울산광역시,울주군
910,구미형곡점,경상북도 구미시  형곡동로 70,경상북도,구미시
911,구미인동점,경상북도 구미시  인동16길 24-4,경상북도,구미시
912,구미송정원평점,경상북도 구미시 신시로14길 50,경상북도,구미시
913,구미상모사곡점,"경상북도 구미시 상사동로 106,1층",경상북도,구미시
914,구미봉곡점,"경상북도 구미시 봉곡동 봉곡남로9길 7, 1층 101호",경상북도,구미시
915,구미문성점,"경상북도 구미시 고아읍 들성로 7길 19, 1층",경상북도,구미시
916,구미도량점,경상북도 구미시 야은로 413,경상북도,구미시
917,구미1동점,경기도 성남시 분당구  미금일로 75,경기도,성남시
918,구리교문점,경기도 구리시 교문동 757-1번지,경기도,구리시
919,구룡포점,경상북도 포항시 남구 구룡포읍 호미로 253-2,경상북도,포항시
920,구로5동점,서울특별시 구로구  구로중앙로28길 31,서울특별시,구로구
921,구로3동점,"서울특별시 구로구  디지털로27길 16, 106호",서울특별시,구로구
922,구래1호점,경기도   김포시   김포한강9로12번길 97-14 101호,경기도,김포시
923,괴안범박점,경기도 부천시 소사구 괴안동 242-10번지,경기도,부천시
924,광탄점,경기도 파주시 광탄면 혜음로 1122,경기도,파주시
925,광주효천점,"광주광역시 남구  효우2로26번길 18,1층 108호",광주광역시,남구
926,광주화정점,광주광역시 서구 화정동 827-20,광주광역시,서구
927,광주학동점,광주광역시 동구  의재로 54,광주광역시,동구
928,광주하남점,광주광역시 광산구  목련로 142,광주광역시,광산구
929,광주풍암점,"광주광역시 서구  풍암순환로 183, 208호",광주광역시,서구
930,광주첨단점,광주광역시 광산구  월계로 92-1,광주광역시,광산구
931,광주진월점,광주광역시 남구  서문대로 633번길 17,광주광역시,남구
932,광주중흥점,광주광역시 북구  우치로 27번길 26,광주광역시,북구
933,광주주월점,광주광역시 남구  회서로 11번길 13,광주광역시,남구
934,광주일곡점,광주광역시 북구  일곡택지로 55,광주광역시,북구
935,광주운암점,광주광역시 북구 운암동 885-56번지,광주광역시,북구
936,광주운남점,광주광역시 광산구  임방울대로 142-14,광주광역시,광산구
937,광주용봉점,"광주광역시 북구 서암대로 74-1, 103호",광주광역시,북구
938,광주오포점,경기도 광주시 오포읍 양벌리 562-8번지,경기도,광주시
939,광주양산점,"광주광역시  북구  양산택지로89, 1층(본촌동)",광주광역시,북구
940,광주수완점,"광주광역시 광산구  장신로 62, 1층 104호",광주광역시,광산구
941,광주송정점,경기도 광주시 송정동 110-8번지,경기도,광주시
942,광주송정도산점,광주광역시 광산구 남동길 48번길 53,광주광역시,광산구
943,광주상무점,광주광역시 서구  치평동 1168,광주광역시,서구
944,광주봉선점,광주광역시 남구 봉선동 1011-6번지,광주광역시,남구
945,광주백운점,"광주광역시 남구 백운로 29, 1층",광주광역시,남구
946,광주문흥점,"광주광역시 북구 천지인로 173번길 22, A-102(문흥동,광명상가)",광주광역시,북구
947,광주두암점,"광주광역시 북구  삼정로 71, 104호",광주광역시,북구
948,광주동천동림점,광주광역시 서구  동천로 10번길 12-2,광주광역시,서구
949,광주금호점,광주광역시 서구  금부로번길 9,광주광역시,서구
950,광주구시청점,광주광역시 동구  백서로 125번길 28-1,광주광역시,동구
951,광정점,경기도 군포시  고산로643번길 9,경기도,군포시
952,광장점,서울특별시 광진구  아차산로 70길 75 광장현대아파트,서울특별시,광진구
953,광양중마점,"전라남도 광양시  공영로 10,,상가동 102호(중동,금광1차아파트)",전라남도,광양시
954,광양광영점,전라남도 광양시  광영로 83,전라남도,광양시
955,"광안2,4동점",부산광역시 수영구 광안동 168-7번지,부산광역시,수영구
956,"광명3,4동점",경기도 광명시 광명동 158-321,경기도,광명시
957,광교도청점,"경기도 수원시 영통구  센트럴타운로 111, 104호(이의동, 광교스타힐스 오피스텔)",경기도,수원시
958,광교1호점,"경기도 용인시 수지구  광교중앙로 315, 광교티타워102호",경기도,용인시
959,관교구월2호점,인천광역시 남동구  문화서로28번길 8,인천광역시,남동구
960,과천1호점,"경기도 과천시  별양로 12, 레미안슈르A상가 1011호",경기도,과천시
961,공주중동점,"충청남도 공주시  가구점길 3, 1층",충청남도,공주시
962,공주신관점,"충청남도 공주시  흑수골길 48, 1층",충청남도,공주시
963,공릉2동점,"서울특별시 노원구  노원로 62, 101호",서울특별시,노원구
964,"공릉1,3동점",서울특별시 노원구 공릉동 573-20,서울특별시,노원구
965,공동배달구역(정릉), ,,
966,공동배달구역(미아), ,,
967,공동배달구역(길음), ,,
968,공도2호점,경기도 안성시 공도읍 만정리 814-1,경기도,안성시
969,공덕점,"서울특별시 마포구  만리재로 74,  삼성레미안 상가1동 111호",서울특별시,마포구
970,곤지암점,경기도 광주시 곤지암읍 평촌길 60,경기도,광주시
971,곡성점,전라남도 곡성군 곡성읍 읍내리 250-8,전라남도,곡성군
972,곡반정점,경기도 수원시 권선구 곡반정동 507-8 101호,경기도,수원시
973,고흥읍점,전라남도 고흥군 고흥읍 봉황길 32-1,전라남도,고흥군
974,고흥녹동점,전라남도 고흥군 도양읍 녹동남촌1길 24-1,전라남도,고흥군
975,고한사북점,강원도 정선군 사북읍 중앙로 68번지,강원도,정선군
976,고촌점,"경기도 김포시 고촌읍 장차로 46, 1층 102호(미렌빌)",경기도,김포시
977,고척2동점,서울특별시 구로구  고척로 180,서울특별시,구로구
978,고창점,전라북도 고창군 고창읍 월곡공원1길 18,전라북도,고창군
979,고양화정2동점,경기도 고양시 덕양구 성신로 10 101(화정동),경기도,고양시
980,고양성사점,경기도 고양시 덕양구  호국로 790번길 42-4,경기도,고양시
981,고성천진점,강원도  고성군  토성면  토성로 145,강원도,고성군
982,고덕국제점,"경기도 평택시 고덕면 고덕국제3길 22, 1층",경기도,평택시
983,"고덕1,2동점",서울특별시 강동구  상일로 161,서울특별시,강동구
984,고강점,"경기도 부천시  원종로 106, 101호(고강동)",경기도,부천시
985,계룡점,충청남도 계룡시  금암로 155-11,충청남도,계룡시
986,경주황성금장점,경상북도 경주시  용담로116번길 7,경상북도,경주시
987,경주보문점,"경상북도 경주시  보문로 402-31,106호",경상북도,경주시
988,경주동천용강점,경상북도 경주시  동천로 63,경상북도,경주시
989,경산하양점,경상북도 경산시 하양읍 하양역길 18,경상북도,경산시
990,경산진량점,경상북도 경산시 진량읍 낙산길 22-1,경상북도,경산시
991,경북청송점,경상북도 청송군 청송읍 중앙로 236,경상북도,청송군
992,경북청도점,경상북도 청도군 청도읍 청화로 103,경상북도,청도군
993,경북의성점,경상북도 의성군 의성읍 중앙길 59,경상북도,의성군
994,경북울진점,경상북도 울진군 울진읍 울진중앙로 186-4,경상북도,울진군
995,경북영주점,경상북도 영주시  구성로324 (하망동 549-5) 1층,경상북도,영주시
996,경북성주점,경상북도 성주군 성주읍 성주순환로162,경상북도,성주군
997,경북석적점,경상북도 칠곡군 석적읍 석적로 954,경상북도,칠곡군
998,경북상주점,경상북도 상주시  남성3길 31,경상북도,상주시
999,경북봉화점,"경상북도 봉화군 봉화읍 신시장1길 4, 105호",경상북도,봉화군
1000,경북문경점,경상북도 문경시  반쟁이3길9,경상북도,문경시
1001,경복궁점,서울특별시 종로구  사직로114. 1층,서울특별시,종로구
1002,경남합천점,경상남도 합천군 합천읍 합천리 충효로 4길 10,경상남도,합천군
1003,경남함양점,경상남도 함양군 교산길 2,경상남도,함양군
1004,경남하동점,경상남도 하동군 하동읍 경서대로 106,경상남도,하동군
1005,경남사천점,경상남도 사천시 사천읍 사주리 90-15,경상남도,사천시
1006,경남밀양점,경상남도 밀양시  밀양대로 1770-1 (삼문동),경상남도,밀양시
1007,경남남해점,경상남도 남해군 남해읍 화전로 78번길 11,경상남도,남해군
1008,경남고성점,경상남도 고성군 고성읍 중앙로 15번길 8,경상남도,고성군
1009,경기용문점,경기도 양평군 용문면 용문로375,경기도,양평군
1010,경기고양점,경기도 고양시 덕양구  읍내로 83-7,경기도,고양시
1011,검암지구점,인천광역시 서구   승학로 587,인천광역시,서구
1012,거창점,"경상남도 거창군 거창읍 공수들7길 20, 1층",경상남도,거창군
1013,거제중곡점,"경상남도 거제시  해명로4길 8, 엘리유리안2차 아파트 상가 106호",경상남도,거제시
1014,거제장평점,경상남도 거제시  장평동 1198-2,경상남도,거제시
1015,거제장승포점,"경상남도 거제시  능포로4길 5, 107호",경상남도,거제시
1016,거제옥포점,경상남도 거제시  옥포중앙로 87-1,경상남도,거제시
1017,거제연초점,경상남도 거제시  거제북로 48,경상남도,거제시
1018,거제아주점,경상남도 거제시  아주1로 112,경상남도,거제시
1019,거제상문점,경상남도 거제시  거제중앙로 1557,경상남도,거제시
1020,거제사등점,경상남도 거제시 거제면 두동로 44,경상남도,거제시
1021,거제고현점,경상남도 거제시  거제중앙로5길 28 -1,경상남도,거제시
1022,거여역점,서울특별시 송파구 오금로 484,서울특별시,송파구
1023,거모점,경기도 시흥시 도일로 143(거모동),경기도,시흥시
1024,개포4동점,"서울특별시 강남구  개포로 20길 32, 1층",서울특별시,강남구
1025,개포2동점,"서울특별시 강남구   선릉로12길 5, 102-나호",서울특별시,강남구
1026,개운점,강원도 원주시  행구로 57,강원도,원주시
1027,개봉1동점,서울특별시 구로구  고척로21길 17-1,서울특별시,구로구
1028,"개금1,2동점",부산광역시 부산진구  엄광로 52-1,부산광역시,부산진구
1029,강화점,인천광역시 강화군 강화읍 강화대로 199,인천광역시,강화군
1030,강저지구점,충청북도 제천시 영천동 2209,충청북도,제천시
1031,강원횡성점,강원도 횡성군 횡성읍 북천리115-52,강원도,횡성군
1032,강원장평점,"강원도 평창군 용평면 금송1길 49, 1층",강원도,평창군
1033,강릉홍제내곡점,강원도 강릉시  남산초교길 12번길 16,강원도,강릉시
1034,강릉포남점,강원도 강릉시  강릉대로 457번길 25,강원도,강릉시
1035,강릉택지점,강원도 강릉시 율곡초교길 43번길 17,강원도,강릉시
1036,강릉유천점,"강원도 강릉시  선수촌로79-1, 101호(홍제동)",강원도,강릉시
1037,강릉성덕점,강원도 강릉시 입암동 498-12,강원도,강릉시
1038,강남세곡점,"서울특별시 강남구  밤고개로 227, 지상1층 105호,106호",서울특별시,강남구
1039,감정점,"경기도 김포시  북변1로 36, 106호",경기도,김포시
1040,갈현2동점,서울특별시 은평구 갈현2동 506-33번지,서울특별시,은평구
1041,갈매점,경기도 구리시 갈매동 538,경기도,구리시
1042,갈말점,강원도 철원군 갈말읍 명성로139번길 13-22,강원도,철원군
1043,간성점,강원도 고성군 간성읍 간성로 67,강원도,고성군
1044,간석점,인천광역시 남동구  예술로 278,인천광역시,남동구
1045,가평점,경기도 가평군 가평읍 오리나무길 41-15,경기도,가평군
1046,가평글램핑점,경기도 가평군  가평읍  북한강변로 272-1,경기도,가평군
1047,가좌1호점,인천광역시 서구 가좌동 7번지,인천광역시,서구
1048,가정점,"인천광역시 서구  염곡로498번안길 11-1, 1층 일부",인천광역시,서구
1049,가양점,서울특별시 강서구 가양동 1479-3번지 1층 104호,서울특별시,강서구
1050,가산점,서울특별시 금천구 가산동 149-13,서울특별시,금천구
1051,가락본동점,서울특별시 송파구  송파대로30길 41-34,서울특별시,송파구
1052,가곡수동점,경기도 남양주시 수동면 비룡로 716,경기도,남양주시
1053,[폐]경북성주점, ,,
